Date,location,new_cases,new_deaths,total_cases,total_deaths,recover,total_recover,icu,support,Active Cases,index
31/12/2019,Malaysia,0,0,0,0,0,0,0,0,,0
1/1/2020,Malaysia,0,0,0,0,0,0,0,0,,1
2/1/2020,Malaysia,0,0,0,0,0,0,0,0,,2
3/1/2020,Malaysia,0,0,0,0,0,0,0,0,,3
4/1/2020,Malaysia,0,0,0,0,0,0,0,0,,4
5/1/2020,Malaysia,0,0,0,0,0,0,0,0,,5
6/1/2020,Malaysia,0,0,0,0,0,0,0,0,,6
7/1/2020,Malaysia,0,0,0,0,0,0,0,0,,7
8/1/2020,Malaysia,0,0,0,0,0,0,0,0,,8
9/1/2020,Malaysia,0,0,0,0,0,0,0,0,,9
10/1/2020,Malaysia,0,0,0,0,0,0,0,0,,10
11/1/2020,Malaysia,0,0,0,0,0,0,0,0,,11
12/1/2020,Malaysia,0,0,0,0,0,0,0,0,,12
13/1/2020,Malaysia,0,0,0,0,0,0,0,0,,13
14/1/2020,Malaysia,0,0,0,0,0,0,0,0,,14
15/1/2020,Malaysia,0,0,0,0,0,0,0,0,,15
16/1/2020,Malaysia,0,0,0,0,0,0,0,0,,16
17/1/2020,Malaysia,0,0,0,0,0,0,0,0,,17
18/1/2020,Malaysia,0,0,0,0,0,0,0,0,,18
19/1/2020,Malaysia,0,0,0,0,0,0,0,0,,19
20/1/2020,Malaysia,0,0,0,0,0,0,0,0,,20
21/1/2020,Malaysia,0,0,0,0,0,0,0,0,,21
22/1/2020,Malaysia,0,0,0,0,0,0,0,0,,22
23/1/2020,Malaysia,0,0,0,0,0,0,0,0,,23
24/1/2020,Malaysia,3,0,3,0,0,0,0,0,3,24
25/1/2020,Malaysia,1,0,4,0,0,0,0,0,4,25
26/1/2020,Malaysia,0,0,4,0,0,0,0,0,4,26
27/1/2020,Malaysia,0,0,4,0,0,0,0,0,4,27
28/1/2020,Malaysia,3,0,7,0,0,0,0,0,7,28
29/1/2020,Malaysia,0,0,7,0,0,0,0,0,7,29
30/1/2020,Malaysia,1,0,8,0,0,0,0,0,8,30
31/1/2020,Malaysia,0,0,8,0,0,0,0,0,8,31
1/2/2020,Malaysia,0,0,8,0,0,0,0,0,8,32
2/2/2020,Malaysia,0,0,8,0,0,0,0,0,8,33
3/2/2020,Malaysia,0,0,8,0,1,1,0,0,7,34
4/2/2020,Malaysia,2,0,10,0,0,1,0,0,9,35
5/2/2020,Malaysia,2,0,12,0,0,1,0,0,11,36
6/2/2020,Malaysia,2,0,14,0,0,1,0,0,13,37
7/2/2020,Malaysia,1,0,15,0,1,2,0,0,13,38
8/2/2020,Malaysia,1,0,16,0,1,3,0,0,13,39
9/2/2020,Malaysia,2,0,18,0,0,3,0,0,15,40
10/2/2020,Malaysia,0,0,18,0,0,3,0,0,15,41
11/2/2020,Malaysia,0,0,18,0,0,3,0,0,15,42
12/2/2020,Malaysia,0,0,18,0,0,3,0,0,15,43
13/2/2020,Malaysia,1,0,19,0,4,7,0,0,12,44
14/2/2020,Malaysia,2,0,21,0,0,7,0,0,14,45
15/2/2020,Malaysia,1,0,22,0,1,8,0,0,14,46
16/2/2020,Malaysia,0,0,22,0,1,9,0,0,13,47
17/2/2020,Malaysia,0,0,22,0,4,13,0,0,9,48
18/2/2020,Malaysia,0,0,22,0,4,17,0,0,5,49
19/2/2020,Malaysia,0,0,22,0,0,17,0,0,5,50
20/2/2020,Malaysia,0,0,22,0,0,17,0,0,5,51
21/2/2020,Malaysia,0,0,22,0,0,17,0,0,5,52
22/2/2020,Malaysia,0,0,22,0,1,18,0,0,4,53
23/2/2020,Malaysia,0,0,22,0,2,20,0,0,2,54
24/2/2020,Malaysia,0,0,22,0,0,20,0,0,2,55
25/2/2020,Malaysia,0,0,22,0,0,20,0,0,2,56
26/2/2020,Malaysia,0,0,22,0,2,22,0,0,0,57
27/2/2020,Malaysia,1,0,23,0,0,22,0,0,1,58
28/2/2020,Malaysia,2,0,25,0,0,22,0,0,3,59
29/2/2020,Malaysia,0,0,25,0,0,22,0,0,3,60
1/3/2020,Malaysia,4,0,29,0,0,22,0,0,7,61
2/3/2020,Malaysia,0,0,29,0,0,22,0,0,7,62
3/3/2020,Malaysia,7,0,36,0,0,22,0,0,14,63
4/3/2020,Malaysia,14,0,50,0,0,22,0,0,28,64
5/3/2020,Malaysia,0,0,50,0,0,22,0,0,28,65
6/3/2020,Malaysia,33,0,83,0,1,23,0,0,60,66
7/3/2020,Malaysia,10,0,93,0,0,23,0,0,70,67
8/3/2020,Malaysia,6,0,99,0,1,24,0,0,75,68
9/3/2020,Malaysia,18,0,117,0,0,24,0,0,93,69
10/3/2020,Malaysia,12,0,129,0,1,25,0,0,104,70
11/3/2020,Malaysia,20,0,149,0,1,26,2,2,123,71
12/3/2020,Malaysia,9,0,158,0,6,32,3,3,126,72
13/3/2020,Malaysia,39,0,197,0,1,33,4,4,164,73
14/3/2020,Malaysia,41,0,238,0,2,35,5,5,203,74
15/3/2020,Malaysia,190,0,428,0,7,42,9,9,386,75
16/3/2020,Malaysia,125,0,553,0,0,42,12,12,511,76
17/3/2020,Malaysia,120,2,673,2,7,49,12,12,622,77
18/3/2020,Malaysia,117,0,790,2,11,60,15,15,728,78
19/3/2020,Malaysia,110,0,900,2,15,75,20,20,823,79
20/3/2020,Malaysia,130,0,1030,2,12,87,26,26,941,80
21/3/2020,Malaysia,153,2,1183,4,27,114,37,23,1065,81
22/3/2020,Malaysia,123,6,1306,10,25,139,46,22,1157,82
23/3/2020,Malaysia,212,4,1518,14,20,159,57,27,1345,83
24/3/2020,Malaysia,106,1,1624,15,24,183,64,27,1426,84
25/3/2020,Malaysia,172,4,1796,19,16,199,45,34,1578,85
26/3/2020,Malaysia,235,4,2031,23,16,215,45,32,1793,86
27/3/2020,Malaysia,130,3,2161,26,44,259,54,34,1876,87
28/3/2020,Malaysia,159,1,2320,27,61,320,73,54,1973,88
29/3/2020,Malaysia,150,7,2470,34,68,388,73,52,2048,89
30/3/2020,Malaysia,156,3,2626,37,91,479,94,62,2110,90
31/3/2020,Malaysia,140,6,2766,43,58,537,94,60,2186,91
1/4/2020,Malaysia,142,2,2908,45,108,645,102,66,2218,92
2/4/2020,Malaysia,208,5,3116,50,122,767,105,54,2299,93
3/4/2020,Malaysia,217,3,3333,53,60,827,108,54,2453,94
4/4/2020,Malaysia,150,4,3483,57,88,915,99,50,2511,95
5/4/2020,Malaysia,179,4,3662,61,90,1005,99,48,2596,96
6/4/2020,Malaysia,131,1,3793,62,236,1241,102,54,2490,97
7/4/2020,Malaysia,170,1,3963,63,80,1321,92,50,2579,98
8/4/2020,Malaysia,156,2,4119,65,166,1487,76,45,2567,99
9/4/2020,Malaysia,109,2,4228,67,121,1608,72,43,2553,100
10/4/2020,Malaysia,118,3,4346,70,222,1830,69,40,2446,101
11/4/2020,Malaysia,184,3,4530,73,165,1995,72,38,2462,102
12/4/2020,Malaysia,153,3,4683,76,113,2108,66,37,2499,103
13/4/2020,Malaysia,134,1,4817,77,168,2276,66,36,2464,104
14/4/2020,Malaysia,170,5,4987,82,202,2478,60,33,2427,105
15/4/2020,Malaysia,85,1,5072,83,169,2647,56,32,2342,106
16/4/2020,Malaysia,110,1,5182,84,119,2766,56,29,2332,107
17/4/2020,Malaysia,69,2,5251,86,201,2967,51,26,2198,108
18/4/2020,Malaysia,54,2,5305,88,135,3102,49,26,2115,109
19/4/2020,Malaysia,84,1,5389,89,95,3197,46,26,2103,110
20/4/2020,Malaysia,36,0,5425,89,98,3295,45,28,2041,111
21/4/2020,Malaysia,57,3,5482,92,54,3349,43,27,2041,112
22/4/2020,Malaysia,50,1,5532,93,103,3452,43,25,1987,113
23/4/2020,Malaysia,71,2,5603,95,90,3542,42,21,1966,114
24/4/2020,Malaysia,88,1,5691,96,121,3663,41,18,1932,115
25/4/2020,Malaysia,51,2,5742,98,99,3762,36,16,1882,116
26/4/2020,Malaysia,38,0,5780,98,100,3862,36,15,1820,117
27/4/2020,Malaysia,40,1,5820,99,95,3957,37,17,1764,118
28/4/2020,Malaysia,31,1,5851,100,75,4032,36,17,1719,119
29/4/2020,Malaysia,94,0,5945,100,55,4087,40,18,1758,120
30/4/2020,Malaysia,57,2,6002,102,84,4171,36,14,1729,121
1/5/2020,Malaysia,69,1,6071,103,39,4210,37,14,1758,122
2/5/2020,Malaysia,105,0,6176,103,116,4326,31,12,1747,123
3/5/2020,Malaysia,122,2,6298,105,87,4413,27,13,1780,124
4/5/2020,Malaysia,55,0,6353,105,71,4484,28,13,1764,125
5/5/2020,Malaysia,30,1,6383,106,83,4567,24,8,1710,126
6/5/2020,Malaysia,45,1,6428,107,135,4702,22,9,1619,127
7/5/2020,Malaysia,39,0,6467,107,74,4776,19,8,1584,128
8/5/2020,Malaysia,68,0,6535,107,88,4864,18,7,1564,129
9/5/2020,Malaysia,54,1,6589,108,65,4929,18,6,1552,130
10/5/2020,Malaysia,67,0,6656,108,96,5025,18,6,1523,131
11/5/2020,Malaysia,70,1,6726,109,88,5113,20,7,1504,132
12/5/2020,Malaysia,16,0,6742,109,110,5223,16,3,1410,133
13/5/2020,Malaysia,37,2,6779,111,58,5281,16,4,1387,134
14/5/2020,Malaysia,40,1,6819,112,70,5351,16,4,1356,135
15/5/2020,Malaysia,36,0,6855,112,88,5439,14,5,1304,136
16/5/2020,Malaysia,17,1,6872,113,73,5512,13,5,1247,137
17/5/2020,Malaysia,22,0,6894,113,59,5571,13,7,1210,138
18/5/2020,Malaysia,47,0,6941,113,44,5615,13,6,1213,139
19/5/2020,Malaysia,37,1,6978,114,31,5646,11,6,1218,140
20/5/2020,Malaysia,31,0,7009,114,60,5706,11,7,1189,141
21/5/2020,Malaysia,50,0,7059,114,90,5796,10,7,1149,142
22/5/2020,Malaysia,78,1,7137,115,63,5859,9,5,1163,143
23/5/2020,Malaysia,48,0,7185,115,53,5912,9,5,1158,144
24/5/2020,Malaysia,60,0,7245,115,33,5945,9,4,1185,145
25/5/2020,Malaysia,172,0,7417,115,34,5979,8,4,1323,146
26/5/2020,Malaysia,187,0,7604,115,62,6041,8,5,1448,147
27/5/2020,Malaysia,15,0,7619,115,42,6083,8,4,1421,148
28/5/2020,Malaysia,10,0,7629,115,86,6169,8,4,1345,149
29/5/2020,Malaysia,103,0,7732,115,66,6235,8,2,1382,150
30/5/2020,Malaysia,30,0,7762,115,95,6330,9,2,1317,151
31/5/2020,Malaysia,57,0,7819,115,23,6353,9,2,1351,152
1/6/2020,Malaysia,38,0,7857,115,51,6404,8,2,1338,153
2/6/2020,Malaysia,20,0,7877,115,66,6470,6,2,1292,154
3/6/2020,Malaysia,93,0,7970,115,61,6531,6,2,1324,155
4/6/2020,Malaysia,277,0,8247,115,28,6559,6,2,1573,156
5/6/2020,Malaysia,19,1,8266,116,51,6610,6,1,1540,157
6/6/2020,Malaysia,37,1,8303,117,25,6635,5,0,1551,158
7/6/2020,Malaysia,19,0,8322,117,39,6674,5,0,1531,159
8/6/2020,Malaysia,7,0,8329,117,20,6694,6,1,1518,160
9/6/2020,Malaysia,7,0,8336,117,281,6975,6,1,1244,161
10/6/2020,Malaysia,2,1,8338,118,39,7014,5,0,1206,162
11/6/2020,Malaysia,31,0,8369,118,51,7065,5,0,1186,163
12/6/2020,Malaysia,33,1,8402,119,103,7168,4,0,1115,164
13/6/2020,Malaysia,43,1,8445,120,143,7311,4,0,1014,165
14/6/2020,Malaysia,8,1,8453,121,35,7346,4,0,986,166
15/6/2020,Malaysia,41,0,8494,121,54,7400,4,0,973,167
16/6/2020,Malaysia,11,0,8505,121,333,7733,4,0,651,168
17/6/2020,Malaysia,10,0,8515,121,140,7873,4,0,521,169
18/6/2020,Malaysia,14,0,8529,121,127,8000,4,0,408,170
19/6/2020,Malaysia,6,0,8535,121,70,8070,3,0,344,171
20/6/2020,Malaysia,21,0,8556,121,76,8146,3,0,289,172
21/6/2020,Malaysia,16,0,8572,121,10,8156,3,0,295,173
22/6/2020,Malaysia,15,0,8587,121,21,8177,2,0,289,174
23/6/2020,Malaysia,3,0,8590,121,9,8186,3,0,283,175
24/6/2020,Malaysia,6,0,8596,121,45,8231,2,0,244,176
25/6/2020,Malaysia,4,0,8600,121,40,8271,2,0,208,177
26/6/2020,Malaysia,6,0,8606,121,23,8294,2,0,191,178
27/6/2020,Malaysia,10,0,8616,121,14,8308,2,0,187,179
28/6/2020,Malaysia,18,0,8634,121,10,8318,2,0,195,180
29/6/2020,Malaysia,3,0,8637,121,16,8334,4,1,182,181
30/6/2020,Malaysia,2,0,8639,121,20,8354,4,1,164,182
1/7/2020,Malaysia,1,0,8640,121,21,8375,4,2,144,183
2/7/2020,Malaysia,3,0,8643,121,62,8437,2,2,85,184
3/7/2020,Malaysia,5,0,8648,121,9,8446,2,2,81,185
4/7/2020,Malaysia,10,0,8658,121,15,8461,2,2,76,186
5/7/2020,Malaysia,5,0,8663,121,4,8465,2,2,77,187
6/7/2020,Malaysia,5,0,8668,121,11,8476,2,2,71,188
7/7/2020,Malaysia,6,0,8674,121,5,8481,2,2,72,189
8/7/2020,Malaysia,3,0,8677,121,5,8486,2,1,70,190
9/7/2020,Malaysia,6,0,8683,121,13,8499,2,1,63,191
10/7/2020,Malaysia,13,0,8696,121,12,8511,2,2,64,192
11/7/2020,Malaysia,8,1,8704,122,4,8515,3,2,67,193
12/7/2020,Malaysia,14,0,8718,122,4,8519,3,2,77,194
13/7/2020,Malaysia,7,0,8725,122,1,8520,4,3,83,195
14/7/2020,Malaysia,4,0,8729,122,4,8524,6,2,83,196
15/7/2020,Malaysia,5,0,8734,122,2,8526,5,1,86,197
16/7/2020,Malaysia,3,0,8737,122,12,8538,3,1,77,198
17/7/2020,Malaysia,18,0,8755,122,3,8541,3,0,92,199
18/7/2020,Malaysia,9,0,8764,122,5,8546,1,0,96,200
19/7/2020,Malaysia,15,1,8779,123,7,8553,2,1,103,201
20/7/2020,Malaysia,21,0,8800,123,2,8555,3,1,122,202
21/7/2020,Malaysia,15,0,8815,123,7,8562,4,1,130,203
22/7/2020,Malaysia,16,0,8831,123,4,8566,5,1,142,204
23/7/2020,Malaysia,9,0,8840,123,8,8574,5,2,143,205
24/7/2020,Malaysia,21,0,8861,123,3,8577,5,2,161,206
25/7/2020,Malaysia,23,0,8884,123,17,8594,3,2,167,207
26/7/2020,Malaysia,13,1,8897,124,6,8600,2,1,173,208
27/7/2020,Malaysia,7,0,8904,124,1,8601,0,0,179,209
28/7/2020,Malaysia,39,0,8943,124,6,8607,1,1,212,210
29/7/2020,Malaysia,13,0,8956,124,5,8612,2,1,220,211
30/7/2020,Malaysia,8,0,8964,124,5,8617,3,1,223,212
31/7/2020,Malaysia,12,1,8976,125,27,8644,3,1,207,213
1/8/2020,Malaysia,9,0,8985,125,3,8647,2,1,213,214
2/8/2020,Malaysia,14,0,8999,125,17,8664,2,1,210,215
3/8/2020,Malaysia,2,0,9001,125,4,8668,1,0,208,216
4/8/2020,Malaysia,1,0,9002,125,16,8684,0,0,193,217
5/8/2020,Malaysia,21,0,9023,125,18,8702,2,0,196,218
6/8/2020,Malaysia,15,0,9038,125,11,8713,2,1,200,219
7/8/2020,Malaysia,25,0,9063,125,15,8728,2,1,210,220
8/8/2020,Malaysia,7,0,9070,125,47,8775,2,1,170,221
9/8/2020,Malaysia,13,0,9083,125,9,8784,1,0,174,222
10/8/2020,Malaysia,11,0,9094,125,19,8803,1,0,166,223
11/8/2020,Malaysia,9,0,9103,125,6,8809,2,0,169,224
12/8/2020,Malaysia,11,0,9114,125,8,8817,1,0,172,225
13/8/2020,Malaysia,15,0,9129,125,4,8821,2,0,183,226
14/8/2020,Malaysia,20,0,9149,125,7,8828,4,1,196,227
15/8/2020,Malaysia,26,0,9175,125,3,8831,6,1,219,228
16/8/2020,Malaysia,25,0,9200,125,28,8859,7,2,216,229
17/8/2020,Malaysia,12,0,9212,125,17,8876,8,2,211,230
18/8/2020,Malaysia,7,0,9219,125,26,8902,8,2,192,231
19/8/2020,Malaysia,16,0,9235,125,23,8925,7,3,185,232
20/8/2020,Malaysia,5,0,9240,125,7,8932,7,4,183,233
21/8/2020,Malaysia,9,0,9249,125,13,8945,7,4,179,234
22/8/2020,Malaysia,8,0,9257,125,4,8949,8,4,183,235
23/8/2020,Malaysia,10,0,9267,125,10,8959,9,4,183,236
24/8/2020,Malaysia,7,0,9274,125,6,8965,8,5,184,237
25/8/2020,Malaysia,11,0,9285,125,6,8971,8,6,189,238
26/8/2020,Malaysia,6,0,9291,125,7,8978,9,6,188,239
27/8/2020,Malaysia,5,0,9296,125,16,8994,8,6,177,240
28/8/2020,Malaysia,10,0,9306,125,36,9030,8,6,151,241
29/8/2020,Malaysia,11,0,9317,125,8,9038,8,6,154,242
30/8/2020,Malaysia,17,1,9334,126,10,9048,7,5,160,243
31/8/2020,Malaysia,6,1,9340,127,6,9054,6,4,159,244
1/9/2020,Malaysia,14,1,9354,128,21,9075,5,3,151,245
2/9/2020,Malaysia,6,0,9360,128,4,9079,4,3,153,246
3/9/2020,Malaysia,14,0,9374,128,4,9083,4,3,163,247
4/9/2020,Malaysia,11,0,9385,128,9,9092,4,3,165,248
5/9/2020,Malaysia,6,0,9391,128,21,9113,5,3,150,249
6/9/2020,Malaysia,6,0,9397,128,2,9115,6,3,154,250
7/9/2020,Malaysia,62,0,9459,128,9,9124,6,4,207,251
8/9/2020,Malaysia,100,0,9559,128,12,9136,7,4,295,252
9/9/2020,Malaysia,24,0,9583,128,7,9143,7,4,312,253
10/9/2020,Malaysia,45,0,9628,128,24,9167,9,5,333,254
11/9/2020,Malaysia,182,0,9810,128,14,9181,9,5,501,255
12/9/2020,Malaysia,58,0,9868,128,8,9189,9,5,551,256
13/9/2020,Malaysia,47,0,9915,128,7,9196,9,4,591,257
14/9/2020,Malaysia,31,0,9946,128,7,9203,11,5,615,258
15/9/2020,Malaysia,23,0,9969,128,6,9209,14,4,632,259
16/9/2020,Malaysia,62,0,10031,128,26,9235,15,3,668,260
17/9/2020,Malaysia,21,0,10052,128,15,9250,13,2,674,261
18/9/2020,Malaysia,95,1,10147,129,14,9264,11,2,754,262
19/9/2020,Malaysia,20,1,10167,130,51,9315,12,2,722,263
20/9/2020,Malaysia,52,0,10219,130,40,9355,10,2,734,264
21/9/2020,Malaysia,57,0,10276,130,40,9395,9,2,751,265
22/9/2020,Malaysia,82,0,10358,130,168,9563,9,2,665,266
23/9/2020,Malaysia,147,3,10505,133,39,9602,8,2,770,267
24/9/2020,Malaysia,71,0,10576,133,64,9666,6,2,777,268
25/9/2020,Malaysia,111,0,10687,133,30,9696,4,3,858,269
26/9/2020,Malaysia,82,0,10769,133,89,9785,8,4,851,270
27/9/2020,Malaysia,150,1,10919,134,50,9835,6,4,950,271
28/9/2020,Malaysia,115,0,11034,134,54,9889,8,5,1011,272
29/9/2020,Malaysia,101,0,11135,134,50,9939,13,5,1062,273
30/9/2020,Malaysia,89,2,11224,136,28,9967,16,3,1121,274
1/10/2020,Malaysia,260,0,11484,136,47,10014,20,3,1334,275
2/10/2020,Malaysia,287,0,11771,136,81,10095,22,4,1540,276
3/10/2020,Malaysia,317,1,12088,137,121,10216,29,4,1735,277
4/10/2020,Malaysia,293,0,12381,137,67,10283,28,4,1961,278
5/10/2020,Malaysia,432,0,12813,137,57,10340,32,8,2336,279
6/10/2020,Malaysia,691,4,13504,141,87,10427,31,8,2936,280
7/10/2020,Malaysia,489,0,13993,141,74,10501,40,13,3351,281
8/10/2020,Malaysia,375,5,14368,146,18,10519,60,20,3703,282
9/10/2020,Malaysia,354,6,14722,152,188,10707,68,25,3863,283
10/10/2020,Malaysia,374,3,15096,155,73,10780,73,28,4161,284
11/10/2020,Malaysia,561,2,15657,157,133,10913,90,29,4587,285
12/10/2020,Malaysia,563,2,16220,159,109,11022,98,29,5039,286
13/10/2020,Malaysia,660,4,16880,163,350,11372,101,32,5345,287
14/10/2020,Malaysia,660,4,17540,167,233,11605,108,35,5768,288
15/10/2020,Malaysia,589,3,18129,170,409,12014,103,31,5945,289
16/10/2020,Malaysia,629,6,18758,176,245,12259,99,31,6323,290
17/10/2020,Malaysia,869,4,19627,180,302,12561,91,30,6886,291
18/10/2020,Malaysia,871,7,20498,187,701,13262,86,28,7049,292
19/10/2020,Malaysia,865,3,21363,190,455,13717,99,32,7456,293
20/10/2020,Malaysia,862,3,22225,193,634,14351,95,29,7681,294
21/10/2020,Malaysia,732,6,22957,199,580,14931,102,31,7827,295
22/10/2020,Malaysia,847,5,23804,204,486,15417,90,29,8183,296
23/10/2020,Malaysia,710,10,24514,214,467,15884,90,28,8416,297
24/10/2020,Malaysia,1228,7,25742,221,671,16555,92,31,8966,298
25/10/2020,Malaysia,823,8,26565,229,579,17134,99,30,9202,299
26/10/2020,Malaysia,1240,7,27805,236,691,17825,94,31,9744,300
27/10/2020,Malaysia,835,2,28640,238,674,18499,89,32,9903,301
28/10/2020,Malaysia,801,8,29441,246,573,19072,94,25,10123,302
29/10/2020,Malaysia,649,0,30090,246,685,19757,106,23,10087,303
30/10/2020,Malaysia,799,3,30889,249,491,20248,90,20,10392,304
31/10/2020,Malaysia,659,0,31548,249,1000,21248,83,19,10051,305
1/11/2020,Malaysia,957,0,32505,249,972,22220,97,27,10036,306
2/11/2020,Malaysia,834,2,33339,251,900,23120,91,32,9968,307
3/11/2020,Malaysia,1054,12,34393,263,875,23995,94,32,10135,308
4/11/2020,Malaysia,1032,8,35425,271,820,24815,82,27,10339,309
5/11/2020,Malaysia,1009,6,36434,277,839,25654,78,28,10503,310
6/11/2020,Malaysia,1755,2,38189,279,726,26380,83,32,11530,311
7/11/2020,Malaysia,1168,3,39357,282,1029,27409,87,32,11666,312
8/11/2020,Malaysia,852,4,40209,286,825,28234,94,32,11689,313
9/11/2020,Malaysia,972,8,41181,294,1345,29579,86,31,11308,314
10/11/2020,Malaysia,869,6,42050,300,725,30304,82,27,11446,315
11/11/2020,Malaysia,822,2,42872,302,769,31073,86,30,11497,316
12/11/2020,Malaysia,919,1,43791,303,996,32069,92,35,11419,317
13/11/2020,Malaysia,1304,1,45095,304,900,32969,96,39,11822,318
14/11/2020,Malaysia,1114,2,46209,306,803,33772,103,43,12131,319
15/11/2020,Malaysia,1208,3,47417,309,1013,34785,104,42,12323,320
16/11/2020,Malaysia,1103,4,48520,313,821,35606,102,39,12601,321
17/11/2020,Malaysia,1210,5,49730,318,1018,36624,105,40,12788,322
18/11/2020,Malaysia,660,4,50390,322,630,37254,103,41,12814,323
19/11/2020,Malaysia,1290,4,51680,326,878,38132,110,37,13222,324
20/11/2020,Malaysia,958,3,52638,329,956,39088,110,42,13221,325
21/11/2020,Malaysia,1041,3,53679,332,1405,40493,108,45,12854,326
22/11/2020,Malaysia,1096,3,54775,335,1104,41597,106,46,12843,327
23/11/2020,Malaysia,1884,2,56659,337,883,42480,115,48,13842,328
24/11/2020,Malaysia,2188,4,58847,341,1673,44153,112,49,14353,329
25/11/2020,Malaysia,970,4,59817,345,2348,46501,110,47,12971,330
26/11/2020,Malaysia,935,3,60752,348,2555,49056,110,45,11348,331
27/11/2020,Malaysia,1109,2,61861,350,1148,50204,113,41,11307,332
28/11/2020,Malaysia,1315,4,63176,354,1110,51314,118,43,11508,333
29/11/2020,Malaysia,1309,3,64485,357,1333,52647,116,42,11481,334
30/11/2020,Malaysia,1212,3,65697,360,2112,54759,113,42,10578,335
1/12/2020,Malaysia,1472,3,67169,363,1552,56311,120,44,10495,336
2/12/2020,Malaysia,851,2,68020,365,658,56969,122,47,10686,337
3/12/2020,Malaysia,1075,11,69095,376,948,57917,116,46,10802,338
4/12/2020,Malaysia,1141,0,70236,376,1144,59061,129,53,10799,339
5/12/2020,Malaysia,1123,4,71359,380,1143,60204,130,54,10775,340
6/12/2020,Malaysia,1335,2,72694,382,1069,61273,126,57,11039,341
7/12/2020,Malaysia,1600,2,74294,384,1033,62306,129,57,11604,342
8/12/2020,Malaysia,1012,4,75306,388,1750,64056,126,62,10862,343
9/12/2020,Malaysia,959,5,76265,393,1068,65124,127,61,10748,344
10/12/2020,Malaysia,2234,3,78499,396,1112,66236,124,60,11867,345
11/12/2020,Malaysia,1810,6,80309,402,937,67173,123,63,12734,346
12/12/2020,Malaysia,1937,9,82246,411,911,68084,121,66,13751,347
13/12/2020,Malaysia,1229,4,83475,415,1309,69393,115,65,13667,348
14/12/2020,Malaysia,1371,4,84846,419,1204,70597,114,62,13830,349
15/12/2020,Malaysia,1772,3,86618,422,1084,71681,118,56,14515,350
16/12/2020,Malaysia,1295,7,87913,429,1052,72733,113,53,14751,351
17/12/2020,Malaysia,1220,3,89133,432,1297,74030,106,53,14671,352
18/12/2020,Malaysia,1683,0,90816,432,1214,75244,106,51,15140,353
19/12/2020,Malaysia,1153,1,91969,433,998,76242,112,56,15294,354
20/12/2020,Malaysia,1340,4,93309,437,1067,77309,116,57,15563,355
21/12/2020,Malaysia,2018,1,95327,438,1084,78393,109,55,16496,356
22/12/2020,Malaysia,2062,1,97389,439,911,79304,111,51,17646,357
23/12/2020,Malaysia,1348,5,98737,444,710,80014,102,44,18279,358
24/12/2020,Malaysia,1581,2,100318,446,1085,81099,102,45,18773,359
25/12/2020,Malaysia,1247,3,101565,449,1441,82540,108,47,18576,360
26/12/2020,Malaysia,2335,2,103900,451,874,83414,108,50,20035,361
27/12/2020,Malaysia,1196,1,105096,452,997,84411,111,50,20233,362
28/12/2020,Malaysia,1594,3,106690,455,1181,85592,116,53,20643,363
29/12/2020,Malaysia,1925,2,108615,457,1123,86715,117,55,21443,364
30/12/2020,Malaysia,1870,6,110485,463,745,87460,131,62,22562,365
31/12/2020,Malaysia,2525,8,113010,471,1481,88941,131,60,23598,366
1/1/2021,Malaysia,2068,3,115078,474,2230,91171,126,54,23433,367
2/1/2021,Malaysia,2295,9,117373,483,3321,94492,125,51,22398,368
3/1/2021,Malaysia,1704,11,119077,494,2726,97218,124,51,21365,369
4/1/2021,Malaysia,1741,7,120818,501,1010,98228,122,53,22089,370
5/1/2021,Malaysia,2027,8,122845,509,1221,99449,123,52,22887,371
6/1/2021,Malaysia,2593,4,125438,513,1129,100578,141,67,24347,372
7/1/2021,Malaysia,3027,8,128465,521,2145,102723,142,63,25221,373
8/1/2021,Malaysia,2643,16,131108,537,2708,105431,170,82,25140,374
9/1/2021,Malaysia,2451,5,133559,542,1401,106832,177,82,26185,375
10/1/2021,Malaysia,2433,9,135992,551,1277,108109,171,76,27332,376
11/1/2021,Malaysia,2232,4,138224,555,1006,109115,187,87,28554,377
12/1/2021,Malaysia,3309,4,141533,559,1469,110584,190,83,30390,378
13/1/2021,Malaysia,2985,4,144518,563,994,111578,197,79,32377,379
14/1/2021,Malaysia,3337,15,147855,578,1710,113288,195,86,33989,380
15/1/2021,Malaysia,3211,8,151066,586,1939,115227,204,87,35253,381
16/1/2021,Malaysia,4029,8,155095,594,2148,117375,205,79,37126,382
17/1/2021,Malaysia,3339,7,158434,601,2676,120051,240,93,37782,383
18/1/2021,Malaysia,3306,4,161740,605,2293,122344,226,94,38791,384
19/1/2021,Malaysia,3631,14,165371,619,2944,125288,238,96,39464,385
20/1/2021,Malaysia,4008,11,169379,630,2374,127662,246,96,41087,386
21/1/2021,Malaysia,3170,12,172549,642,2490,130152,260,103,41755,387
22/1/2021,Malaysia,3631,18,176180,660,2554,132706,251,102,42814,388
23/1/2021,Malaysia,4275,7,180455,667,4313,137019,260,103,42769,389
24/1/2021,Malaysia,3346,11,183801,678,4427,141446,265,102,41677,390
25/1/2021,Malaysia,3048,11,186849,689,3638,145084,261,101,41076,391
26/1/2021,Malaysia,3585,11,190434,700,4076,149160,280,111,40574,392
27/1/2021,Malaysia,3680,7,194114,707,1858,151018,314,122,42389,393
28/1/2021,Malaysia,4094,10,198208,717,3281,154299,303,118,43192,394
29/1/2021,Malaysia,5725,16,203933,733,3423,157722,301,115,45478,395
30/1/2021,Malaysia,5728,13,209661,746,3805,161527,319,120,47388,396
31/1/2021,Malaysia,5298,14,214959,760,4522,166049,313,127,48150,397
1/2/2021,Malaysia,4214,10,219173,770,4280,170329,316,137,48074,398
2/2/2021,Malaysia,3455,21,222628,791,3661,173990,327,145,47847,399
3/2/2021,Malaysia,4284,18,226912,809,3804,177794,307,141,48309,400
4/2/2021,Malaysia,4571,17,231483,826,4092,181886,308,135,48771,401
5/2/2021,Malaysia,3391,19,234874,845,3392,185278,310,134,48751,402
6/2/2021,Malaysia,3847,12,238721,857,1692,186970,305,139,50894,403
7/2/2021,Malaysia,3731,15,242452,872,3369,190339,292,140,51241,404
8/2/2021,Malaysia,3100,24,245552,896,2340,192679,282,134,51977,405
9/2/2021,Malaysia,2764,13,248316,909,3887,196566,289,127,50841,406
10/2/2021,Malaysia,3288,14,251604,923,1929,198495,285,131,52186,407
11/2/2021,Malaysia,3384,13,254988,936,3774,202269,259,122,51783,408
12/2/2021,Malaysia,3318,17,258306,953,3505,205774,258,119,51579,409
13/2/2021,Malaysia,3499,5,261805,958,3515,209289,263,118,51558,410
14/2/2021,Malaysia,2464,7,264269,965,4525,213814,260,111,49490,411
15/2/2021,Malaysia,2176,10,266445,975,4521,218335,260,112,47135,412
16/2/2021,Malaysia,2720,8,269165,983,5718,224053,253,118,44129,413
17/2/2021,Malaysia,2998,22,272163,1005,5709,229762,231,115,41396,414
18/2/2021,Malaysia,2712,25,274875,1030,5320,235082,227,103,38763,415
19/2/2021,Malaysia,2936,13,277811,1043,4889,239971,220,104,36797,416
20/2/2021,Malaysia,2461,8,280272,1051,4782,244753,207,91,34468,417
21/2/2021,Malaysia,3297,5,283569,1056,4456,249209,209,91,33304,418
22/2/2021,Malaysia,2192,6,285761,1062,3414,252623,199,91,32076,419
23/2/2021,Malaysia,2468,14,288229,1076,4055,256678,196,92,30475,420
24/2/2021,Malaysia,3545,12,291774,1088,3331,260009,189,88,30677,421
25/2/2021,Malaysia,1924,12,293698,1100,3752,263761,205,91,28837,422
26/2/2021,Malaysia,2253,11,295951,1111,3085,266846,201,93,27994,423
27/2/2021,Malaysia,2364,10,298315,1121,3320,270166,190,99,27028,424
28/2/2021,Malaysia,2437,9,300752,1130,3251,273417,202,93,26205,425
1/3/2021,Malaysia,1828,5,302580,1135,2486,275903,198,90,25542,426
2/3/2021,Malaysia,1555,6,304135,1141,2528,278431,204,96,24563,427
3/3/2021,Malaysia,1745,7,305880,1148,2276,280707,195,95,24025,428
4/3/2021,Malaysia,2063,5,307943,1153,2922,283629,193,99,23161,429
5/3/2021,Malaysia,2154,6,310097,1159,3275,286904,184,87,22034,430
6/3/2021,Malaysia,1680,7,311777,1166,2548,289452,172,84,21159,431
7/3/2021,Malaysia,1683,3,313460,1169,2506,291958,174,81,20333,432
8/3/2021,Malaysia,1529,8,314989,1177,2076,294034,160,79,19778,433
9/3/2021,Malaysia,1280,9,316269,1186,2345,296379,155,76,18704,434
10/3/2021,Malaysia,1448,5,317717,1191,2137,298516,151,72,18010,435
11/3/2021,Malaysia,1647,9,319364,1200,2104,300620,147,61,17544,436
12/3/2021,Malaysia,1575,3,320939,1203,2042,302662,147,67,17074,437
13/3/2021,Malaysia,1470,3,322409,1206,1830,304492,162,70,16711,438
14/3/2021,Malaysia,1354,4,323763,1210,1782,306274,158,71,16279,439
15/3/2021,Malaysia,1208,3,324971,1213,1973,308247,155,70,15511,440
16/3/2021,Malaysia,1063,5,326034,1218,1365,309612,152,68,15204,441
17/3/2021,Malaysia,1219,2,327253,1220,1346,310958,154,64,15075,442
18/3/2021,Malaysia,1213,3,328466,1223,1503,312461,155,54,14782,443
19/3/2021,Malaysia,1576,2,330042,1225,1996,314457,151,57,14360,444
20/3/2021,Malaysia,1671,4,331713,1229,1585,316042,151,64,14442,445
21/3/2021,Malaysia,1327,4,333040,1233,1247,317289,154,65,14518,446
22/3/2021,Malaysia,1116,5,334156,1238,1495,318784,156,60,14134,447
23/3/2021,Malaysia,1384,6,335540,1244,1058,319842,148,62,14454,448
24/3/2021,Malaysia,1268,2,336808,1246,1083,320925,161,73,14637,449
25/3/2021,Malaysia,1360,2,338168,1248,1491,322416,157,72,14504,450
26/3/2021,Malaysia,1275,1,339443,1249,1509,323925,161,70,14269,451
27/3/2021,Malaysia,1199,2,340642,1251,1257,325182,167,72,14209,452
28/3/2021,Malaysia,1302,4,341944,1255,1127,326309,169,76,14380,453
29/3/2021,Malaysia,941,5,342885,1260,1097,327406,166,73,14219,454
30/3/2021,Malaysia,1133,5,344018,1265,1148,328554,161,76,14199,455
31/3/2021,Malaysia,1482,7,345500,1272,1070,329624,164,81,14604,456
1/4/2021,Malaysia,1178,6,346678,1278,1377,331001,163,81,14399,457
2/4/2021,Malaysia,1294,5,347972,1283,1442,332443,168,78,14246,458
3/4/2021,Malaysia,1638,3,349610,1286,1449,333892,167,81,14432,459
4/4/2021,Malaysia,1349,2,350959,1288,1270,335162,186,94,14509,460
5/4/2021,Malaysia,1070,7,352029,1295,1294,336456,180,89,14278,461
6/4/2021,Malaysia,1300,5,353329,1300,1412,337868,189,88,14161,462
7/4/2021,Malaysia,1139,4,354468,1304,1199,339067,194,86,14097,463
8/4/2021,Malaysia,1285,4,355753,1308,1175,340242,186,81,14203,464
9/4/2021,Malaysia,1854,5,357607,1313,1247,341489,169,79,14805,465
